A,B,C,D,E,F,G
S01,S1_M1_B39_Li_01_39_CB_ctrl,,2,0,0,0
S01,S1_M1_B39_Li_01_39_CB_res,,4,0,0,0
S01,S1_M1_B39_Li_01_39_I_res,,4,0,0,0
S01,S1_M1_B39_Li_01_39_P_res,,4,0,0,0
S01,S1_M1_B39_Li_01_39_Q_res,,4,0,0,0
S01,S1_M1_B39_Li_09_39_V_res,,4,0,0,0
S01,S1_M2_B39_Li_01_39_V_res,,4,0,0,0
S01,S1_M2_B39_Li_09_39_CB_ctrl,,2,0,0,0
S01,S1_M2_B39_Li_09_39_CB_res,,4,0,0,0
S01,S1_M2_B39_Li_09_39_I_res,,4,0,0,0
S01,S1_M2_B39_Li_09_39_P_res,,4,0,0,0
S01,S1_M2_B39_Li_09_39_Q_res,,4,0,0,0
S01,S1_M3_B39_Ld39_CB_ctrl,,2,0,0,0
S01,S1_M3_B39_Ld39_CB_res,,4,0,0,0
S01,S1_M3_B39_Ld39_P_res,,4,0,0,0
S01,S1_M3_B39_Ld39_Q_res,,4,0,0,0
S01,S1_M3_B39_Ld39_V_res,,4,0,0,0
S01,S1_M4_B39_G1_CB_ctrl,,2,0,0,0
S01,S1_M4_B39_G1_CB_res,,4,0,0,0
S01,S1_M4_B39_G1_f_res,,4,0,0,0
S01,S1_M4_B39_G1_Ld_res,,4,0,0,0
S01,S1_M4_B39_G1_P_ctrl,,4,0,0,0
S01,S1_M4_B39_G1_P_res,,4,0,0,0
S01,S1_M4_B39_G1_Q_res,,4,0,0,0
S01,S1_M4_B39_G1_V_ctrl,,4,0,0,0
S01,S1_M4_B39_G1_V_res,,4,0,0,0
S02,S2_M1_B02_Li_02_01_CB_ctrl,,2,0,0,0
S02,S2_M1_B02_Li_02_01_CB_res,,2,0,0,0
S02,S2_M1_B02_Li_02_01_I_res,,4,0,0,0
S02,S2_M1_B02_Li_02_01_P_res,,4,0,0,0
S02,S2_M1_B02_Li_02_01_Q_res,,4,0,0,0
S02,S2_M1_B02_Li_02_01_V_res,,4,0,0,0
S02,S2_M2_B02_Li_02_03_CB_ctrl,,2,0,0,0
S02,S2_M2_B02_Li_02_03_CB_res,,2,0,0,0
S02,S2_M2_B02_Li_02_03_I_res,,4,0,0,0
S02,S2_M2_B02_Li_02_03_P_res,,4,0,0,0
S02,S2_M2_B02_Li_02_03_Q_res,,4,0,0,0
S02,S2_M2_B02_Li_02_03_V_res,,4,0,0,0
S02,S2_M3_B02_Li_02_25_CB_ctrl,,2,0,0,0
S02,S2_M3_B02_Li_02_25_CB_res,,2,0,0,0
S02,S2_M3_B02_Li_02_25_I_res,,4,0,0,0
S02,S2_M3_B02_Li_02_25_P_res,,4,0,0,0
S02,S2_M3_B02_Li_02_25_Q_res,,4,0,0,0
S02,S2_M3_B02_Li_02_25_V_res,,4,0,0,0
S02,S2_M4_B02_TR_CB_ctrl,,2,0,0,0
S02,S2_M4_B02_TR_CB_res,,2,0,0,0
S02,S2_M4_B02_TR_f_res,,4,0,0,0
S02,S2_M4_B02_TR_tap,,2,0,0,0
S02,S2_M4_B02_TR_tap_ctrl,,2,0,0,0
S02,S2_M4_B02_TR_tap_Ld_res,,4,0,0,0
S02,S2_M4_B02_TR_tap_mode,,2,0,0,0
S02,S2_M4_B02_TR_tap_res,,2,0,0,0
S02,S2_M4_B02_TR_V_res,,4,0,0,0
S02,S2_M5_B30_TR_CB_ctrl,,2,0,0,0
S02,S2_M5_B30_TR_CB_res,,2,0,0,0
S02,S2_M6_B30_G10_CB_ctrl,,2,0,0,0
S02,S2_M6_B30_G10_CB_res,,2,0,0,0
S02,S2_M6_B30_G10_f_res,,4,0,0,0
S02,S2_M6_B30_G10_Ld_res,,4,0,0,0
S02,S2_M6_B30_G10_P_ctrl,,4,0,0,0
S02,S2_M6_B30_G10_P_res,,4,0,0,0
S02,S2_M6_B30_G10_Q_res,,4,0,0,0
S02,S2_M6_B30_G10_V_ctrl,,4,0,0,0
S02,S2_M6_B30_G10_V_res,,4,0,0,0
S03,S3_M1_B25_Li_02_25_CB_ctrl,,2,0,0,0
S03,S3_M1_B25_Li_02_25_CB_res,,4,0,0,0
S03,S3_M1_B25_Li_02_25_I_res,,4,0,0,0
S03,S3_M1_B25_Li_02_25_P_res,,4,0,0,0
S03,S3_M1_B25_Li_02_25_Q_res,,4,0,0,0
S03,S3_M1_B25_Li_02_25_V_res,,4,0,0,0
S03,S3_M2_B25_Ld25_CB_ctrl,,2,0,0,0
S03,S3_M2_B25_Ld25_CB_res,,4,0,0,0
S03,S3_M2_B25_Ld25_P_res,,4,0,0,0
S03,S3_M2_B25_Ld25_Q_res,,4,0,0,0
S03,S3_M2_B25_Ld25_V_res,,4,0,0,0
S03,S3_M3_B25_Tr_CB_ctrl,,2,0,0,0
S03,S3_M3_B25_Tr_CB_res,,4,0,0,0
S03,S3_M3_B25_Tr_f_res,,4,0,0,0
S03,S3_M3_B25_Tr_hv_P_res,,4,0,0,0
S03,S3_M3_B25_Tr_hv_Q_res,,4,0,0,0
S03,S3_M3_B25_Tr_Ld_res,,4,0,0,0
S03,S3_M3_B25_Tr_lv_P_res,,4,0,0,0
S03,S3_M3_B25_Tr_lv_Q_res,,4,0,0,0
S03,S3_M3_B25_Tr_tap,,2,0,0,0
S03,S3_M3_B25_Tr_tap_ctrl,,2,0,0,0
S03,S3_M3_B25_Tr_tap_mode,,2,0,0,0
S03,S3_M3_B25_Tr_tap_res,,2,0,0,0
S03,S3_M3_B25_Tr_V_res,,4,0,0,0
S03,S3_M4_B25_Li_25_26_CB_ctrl,,2,0,0,0
S03,S3_M4_B25_Li_25_26_CB_res,,4,0,0,0
S03,S3_M4_B25_Li_25_26_I_res,,4,0,0,0
S03,S3_M4_B25_Li_25_26_P_res,,4,0,0,0
S03,S3_M4_B25_Li_25_26_Q_res,,4,0,0,0
S03,S3_M4_B25_Li_25_26_V_res,,4,0,0,0
S03,S3_M5_B37_Tr_CB_ctrl,,2,0,0,0
S03,S3_M5_B37_Tr_CB_res,,4,0,0,0
S03,S3_M6_B37_G8_CB_ctrl,,2,0,0,0
S03,S3_M6_B37_G8_CB_res,,4,0,0,0
S03,S3_M6_B37_G8_f_res,,4,0,0,0
S03,S3_M6_B37_G8_Ld_res,,4,0,0,0
S03,S3_M6_B37_G8_P_ctrl,,4,0,0,0
S03,S3_M6_B37_G8_P_res,,4,0,0,0
S03,S3_M6_B37_G8_Q_res,,4,0,0,0
S03,S3_M6_B37_G8_V_ctrl,,4,0,0,0
S03,S3_M6_B37_G8_V_res,,4,0,0,0
S04,S04_M1_B29_Li_26_29_CB_ctrl,,2,0,0,0
S04,S04_M1_B29_Li_26_29_CB_res,,2,0,0,0
S04,S04_M1_B29_Li_26_29_I_res,,4,0,0,0
S04,S04_M1_B29_Li_26_29_P_res,,4,0,0,0
S04,S04_M1_B29_Li_26_29_Q_res,,4,0,0,0
S04,S04_M1_B29_Li_26_29_V_res,,4,0,0,0
S04,S04_M2_B29_Li_28_29_CB_ctrl,,2,0,0,0
S04,S04_M2_B29_Li_28_29_CB_res,,2,0,0,0
S04,S04_M2_B29_Li_28_29_I_res,,4,0,0,0
S04,S04_M2_B29_Li_28_29_P_res,,4,0,0,0
S04,S04_M2_B29_Li_28_29_Q_res,,4,0,0,0
S04,S04_M2_B29_Li_28_29_V_res,,4,0,0,0
S04,S04_M3_B29_Ld29_CB_ctrl,,2,0,0,0
S04,S04_M3_B29_Ld29_CB_res,,2,0,0,0
S04,S04_M3_B29_Ld29_f_res,,4,0,0,0
S04,S04_M3_B29_Ld29_I_res,,4,0,0,0
S04,S04_M3_B29_Ld29_P_res,,4,0,0,0
S04,S04_M3_B29_Ld29_Q_res,,4,0,0,0
S04,S04_M3_B29_Ld29_V_res,,4,0,0,0
S04,S04_M4_B29_Tr_CB_ctrl,,2,0,0,0
S04,S04_M4_B29_Tr_CB_res,,2,0,0,0
S04,S04_M4_B29_Tr_f_res,,4,0,0,0
S04,S04_M4_B29_Tr_hv_P_res,,4,0,0,0
S04,S04_M4_B29_Tr_hv_Q_res,,4,0,0,0
S04,S04_M4_B29_Tr_Ld_res,,4,0,0,0
S04,S04_M4_B29_Tr_lv_P_res,,4,0,0,0
S04,S04_M4_B29_Tr_lv_Q_res,,4,0,0,0
S04,S04_M4_B29_Tr_tap,,2,0,0,0
S04,S04_M4_B29_Tr_tap_ctrl,,2,0,0,0
S04,S04_M4_B29_Tr_tap_mode,,2,0,0,0
S04,S04_M4_B29_Tr_tap_res,,2,0,0,0
S04,S04_M4_B29_Tr_V_res,,4,0,0,0
S04,S04_M5_B38_Tr_CB_ctrl,,2,0,0,0
S04,S04_M5_B38_Tr_CB_res,,2,0,0,0
S04,S04_M6_B38_G9_CB_ctrl,,2,0,0,0
S04,S04_M6_B38_G9_CB_res,,2,0,0,0
S04,S04_M6_B38_G9_f_res,,4,0,0,0
S04,S04_M6_B38_G9_Ld_res,,4,0,0,0
S04,S04_M6_B38_G9_P_ctrl,,4,0,0,0
S04,S04_M6_B38_G9_P_res,,4,0,0,0
S04,S04_M6_B38_G9_Q_res,,4,0,0,0
S04,S04_M6_B38_G9_V_ctrl,,4,0,0,0
S04,S04_M6_B38_G9_V_res,,4,0,0,0
S05,S05_M1_B22_Li_21_22_CB_ctrl,,2,0,0,0
S05,S05_M1_B22_Li_21_22_CB_res,,4,0,0,0
S05,S05_M1_B22_Li_21_22_I_res,,4,0,0,0
S05,S05_M1_B22_Li_21_22_P_res,,4,0,0,0
S05,S05_M1_B22_Li_21_22_Q_res,,4,0,0,0
S05,S05_M1_B22_Li_21_22_V_res,,4,0,0,0
S05,S05_M1_B35_Tr_CB_ctrl,,2,0,0,0
S05,S05_M1_B35_Tr_CB_res,,4,0,0,0
S05,S05_M2_B22_Li_22_23_CB_ctrl,,2,0,0,0
S05,S05_M2_B22_Li_22_23_CB_res,,4,0,0,0
S05,S05_M2_B22_Li_22_23_I_res,,4,0,0,0
S05,S05_M2_B22_Li_22_23_P_res,,4,0,0,0
S05,S05_M2_B22_Li_22_23_Q_res,,4,0,0,0
S05,S05_M2_B22_Li_22_23_V_res,,4,0,0,0
S05,S05_M2_B35_G6_CB_ctrl,,2,0,0,0
S05,S05_M2_B35_G6_CB_res,,4,0,0,0
S05,S05_M2_B35_G6_f_res,,4,0,0,0
S05,S05_M2_B35_G6_Ld_res,,4,0,0,0
S05,S05_M2_B35_G6_P_ctrl,,4,0,0,0
S05,S05_M2_B35_G6_P_res,,4,0,0,0
S05,S05_M2_B35_G6_Q_res,,4,0,0,0
S05,S05_M2_B35_G6_V_ctrl,,4,0,0,0
S05,S05_M2_B35_G6_V_res,,4,0,0,0
S05,S05_M3_B22_Tr_CB_ctrl,,2,0,0,0
S05,S05_M3_B22_Tr_CB_res,,4,0,0,0
S05,S05_M3_B22_Tr_f_res,,4,0,0,0
S05,S05_M3_B22_Tr_hv_P_res,,4,0,0,0
S05,S05_M3_B22_Tr_hv_Q_res,,4,0,0,0
S05,S05_M3_B22_Tr_Ld_res,,4,0,0,0
S05,S05_M3_B22_Tr_lv_P_res,,4,0,0,0
S05,S05_M3_B22_Tr_lv_Q_res,,4,0,0,0
S05,S05_M3_B22_Tr_tap,,4,0,0,0
S05,S05_M3_B22_Tr_tap_ctrl,,2,0,0,0
S05,S05_M3_B22_Tr_tap_mode,,2,0,0,0
S05,S05_M3_B22_Tr_tap_res,,2,0,0,0
S05,S05_M3_B22_Tr_V_res,,4,0,0,0
S06,S06_M1_B23_Li_23_24_CB_ctrl,,2,0,0,0
S06,S06_M1_B23_Li_23_24_CB_res,,2,0,0,0
S06,S06_M1_B23_Li_23_24_I_res,,4,0,0,0
S06,S06_M1_B23_Li_23_24_P_res,,4,0,0,0
S06,S06_M1_B23_Li_23_24_Q_res,,4,0,0,0
S06,S06_M1_B23_Li_23_24_V_res,,4,0,0,0
S06,S06_M2_B23_Li_22_23_CB_ctrl,,2,0,0,0
S06,S06_M2_B23_Li_22_23_CB_res,,2,0,0,0
S06,S06_M2_B23_Li_22_23_I_res,,4,0,0,0
S06,S06_M2_B23_Li_22_23_P_res,,4,0,0,0
S06,S06_M2_B23_Li_22_23_Q_res,,4,0,0,0
S06,S06_M2_B23_Li_22_23_V_res,,4,0,0,0
S06,S06_M3_B23_Ld_V_res,,4,0,0,0
S06,S06_M3_B23_Tr_CB_ctrl,,2,0,0,0
S06,S06_M3_B23_Tr_CB_res,,2,0,0,0
S06,S06_M3_B23_Tr_f_res,,4,0,0,0
S06,S06_M3_B23_Tr_hv_P_res,,4,0,0,0
S06,S06_M3_B23_Tr_hv_Q_res,,4,0,0,0
S06,S06_M3_B23_Tr_Ld_res,,4,0,0,0
S06,S06_M3_B23_Tr_lv_P_res,,4,0,0,0
S06,S06_M3_B23_Tr_lv_Q_res,,4,0,0,0
S06,S06_M3_B23_Tr_tap,,2,0,0,0
S06,S06_M3_B23_Tr_tap_ctrl,,2,0,0,0
S06,S06_M3_B23_Tr_tap_mode,,2,0,0,0
S06,S06_M3_B23_Tr_tap_res,,2,0,0,0
S06,S06_M4_B23_Ld_CB_ctrl,,2,0,0,0
S06,S06_M4_B23_Ld_CB_res,,2,0,0,0
S06,S06_M4_B23_Ld_I_res,,4,0,0,0
S06,S06_M4_B23_Ld_P_res,,4,0,0,0
S06,S06_M4_B23_Ld_Q_res,,4,0,0,0
S06,S06_M4_B23_Tr_V_res,,4,0,0,0
S06,S06_M5_B36_Tr_CB_ctrl,,2,0,0,0
S06,S06_M5_B36_Tr_CB_res,,2,0,0,0
S06,S06_M6_B36_G7_CB_ctrl,,2,0,0,0
S06,S06_M6_B36_G7_CB_res,,2,0,0,0
S06,S06_M6_B36_G7_f_res,,4,0,0,0
S06,S06_M6_B36_G7_Ld_res,,4,0,0,0
S06,S06_M6_B36_G7_P_ctrl,,4,0,0,0
S06,S06_M6_B36_G7_P_res,,4,0,0,0
S06,S06_M6_B36_G7_Q_res,,4,0,0,0
S06,S06_M6_B36_G7_V_ctrl,,4,0,0,0
S06,S06_M6_B36_G7_V_res,,4,0,0,0
S07,S07_M1_B19_Li_16_19_CB_ctrl,,2,0,0,0
S07,S07_M1_B19_Li_16_19_CB_res,,2,0,0,0
S07,S07_M1_B19_Li_16_19_I_res,,4,0,0,0
S07,S07_M1_B19_Li_16_19_P_res,,4,0,0,0
S07,S07_M1_B19_Li_16_19_Q_res,,4,0,0,0
S07,S07_M1_B19_Li_16_19_V_res,,4,0,0,0
S07,S07_M10_B34_G5_CB_ctrl,,2,0,0,0
S07,S07_M10_B34_G5_CB_res,,2,0,0,0
S07,S07_M10_B34_G5_f_res,,4,0,0,0
S07,S07_M10_B34_G5_Ld_res,,4,0,0,0
S07,S07_M10_B34_G5_P_ctrl,,4,0,0,0
S07,S07_M10_B34_G5_P_res,,4,0,0,0
S07,S07_M10_B34_G5_Q_res,,4,0,0,0
S07,S07_M10_B34_G5_V_ctrl,,4,0,0,0
S07,S07_M10_B34_G5_V_res,,4,0,0,0
S07,S07_M2_B19_Tr_19_33_CB_ctrl,,2,0,0,0
S07,S07_M2_B19_Tr_19_33_CB_res,,2,0,0,0
S07,S07_M2_B19_Tr_19_33_f_res,,4,0,0,0
S07,S07_M2_B19_Tr_19_33_hv_P_res,,4,0,0,0
S07,S07_M2_B19_Tr_19_33_hv_Q_res,,4,0,0,0
S07,S07_M2_B19_Tr_19_33_Ld_res,,4,0,0,0
S07,S07_M2_B19_Tr_19_33_lv_P_res,,4,0,0,0
S07,S07_M2_B19_Tr_19_33_lv_Q_res,,4,0,0,0
S07,S07_M2_B19_Tr_19_33_tap,,4,0,0,0
S07,S07_M2_B19_Tr_19_33_tap_ctrl,,4,0,0,0
S07,S07_M2_B19_Tr_19_33_tap_mode,,4,0,0,0
S07,S07_M2_B19_Tr_19_33_tap_res,,4,0,0,0
S07,S07_M2_B19_Tr_19_33_V_res,,4,0,0,0
S07,S07_M3_B19_Tr_19_20_CB_ctrl,,2,0,0,0
S07,S07_M3_B19_Tr_19_20_CB_res,,2,0,0,0
S07,S07_M3_B19_Tr_19_20_f_res,,4,0,0,0
S07,S07_M3_B19_Tr_19_20_hv_P_res,,4,0,0,0
S07,S07_M3_B19_Tr_19_20_hv_Q_res,,4,0,0,0
S07,S07_M3_B19_Tr_19_20_Ld_res,,4,0,0,0
S07,S07_M3_B19_Tr_19_20_lv_P_res,,4,0,0,0
S07,S07_M3_B19_Tr_19_20_lv_Q_res,,4,0,0,0
S07,S07_M3_B19_Tr_19_20_tap,,4,0,0,0
S07,S07_M3_B19_Tr_19_20_tap_ctrl,,4,0,0,0
S07,S07_M3_B19_Tr_19_20_tap_mode,,4,0,0,0
S07,S07_M3_B19_Tr_19_20_tap_res,,4,0,0,0
S07,S07_M3_B19_Tr_19_20_V_res,,4,0,0,0
S07,S07_M4_B20_Tr_CB_ctrl,,2,0,0,0
S07,S07_M4_B20_Tr_CB_res,,2,0,0,0
S07,S07_M4_B20_Tr_hv_P_res,,4,0,0,0
S07,S07_M4_B20_Tr_hv_Q_res,,4,0,0,0
S07,S07_M4_B20_Tr_Ld_res,,4,0,0,0
S07,S07_M4_B20_Tr_lv_P_res,,4,0,0,0
S07,S07_M4_B20_Tr_lv_Q_res,,4,0,0,0
S07,S07_M4_B20_Tr_tap_ctrl,,2,0,0,0
S07,S07_M4_B20_Tr_tap_mode,,2,0,0,0
S07,S07_M4_B20_Tr_tap_res,,2,0,0,0
S07,S07_M5_B20_Tr_19_20_CB_ctrl,,2,0,0,0
S07,S07_M5_B20_Tr_19_20_CB_res,,2,0,0,0
S07,S07_M6_B20_Ld20_CB_ctrl,,2,0,0,0
S07,S07_M6_B20_Ld20_CB_res,,2,0,0,0
S07,S07_M6_B20_Ld20_f_res,,4,0,0,0
S07,S07_M6_B20_Ld20_I_res,,4,0,0,0
S07,S07_M6_B20_Ld20_P_res,,4,0,0,0
S07,S07_M6_B20_Ld20_Q_res,,4,0,0,0
S07,S07_M6_B20_Ld20_V_res,,4,0,0,0
S07,S07_M7_B20_Tr_CB_ctrl,,2,0,0,0
S07,S07_M7_B20_Tr_CB_res,,2,0,0,0
S07,S07_M7_B20_Tr_f_res,,4,0,0,0
S07,S07_M7_B20_Tr_tap,,2,0,0,0
S07,S07_M7_B20_Tr_V_res,,4,0,0,0
S07,S07_M8_B33_G4_CB_ctrl,,2,0,0,0
S07,S07_M8_B33_G4_CB_res,,2,0,0,0
S07,S07_M8_B33_G4_f_res,,4,0,0,0
S07,S07_M8_B33_G4_Ld_res,,4,0,0,0
S07,S07_M8_B33_G4_P_ctrl,,4,0,0,0
S07,S07_M8_B33_G4_P_res,,4,0,0,0
S07,S07_M8_B33_G4_Q_res,,4,0,0,0
S07,S07_M8_B33_G4_V_ctrl,,4,0,0,0
S07,S07_M8_B33_G4_V_res,,4,0,0,0
S07,S07_M9_B34_Tr_CB_ctrl,,2,0,0,0
S07,S07_M9_B34_Tr_CB_res,,2,0,0,0
S08,S08_M1_B10_Li_10_13_CB_ctrl,,2,0,0,0
S08,S08_M1_B10_Li_10_13_CB_res,,2,0,0,0
S08,S08_M1_B10_Li_10_13_I_res,,4,0,0,0
S08,S08_M1_B10_Li_10_13_P_res,,4,0,0,0
S08,S08_M1_B10_Li_10_13_Q_res,,4,0,0,0
S08,S08_M1_B10_Li_10_13_V_res,,4,0,0,0
S08,S08_M2_B10_Li_10_11_CB_ctrl,,2,0,0,0
S08,S08_M2_B10_Li_10_11_CB_res,,2,0,0,0
S08,S08_M2_B10_Li_10_11_I_res,,4,0,0,0
S08,S08_M2_B10_Li_10_11_P_res,,4,0,0,0
S08,S08_M2_B10_Li_10_11_Q_res,,4,0,0,0
S08,S08_M2_B10_Li_10_11_V_res,,4,0,0,0
S08,S08_M3_B10_Tr_CB_ctrl,,2,0,0,0
S08,S08_M3_B10_Tr_CB_res,,2,0,0,0
S08,S08_M4_B32_Tr_CB_ctrl,,2,0,0,0
S08,S08_M4_B32_Tr_CB_res,,2,0,0,0
S08,S08_M4_B32_Tr_f_res,,4,0,0,0
S08,S08_M4_B32_Tr_hv_P_res,,4,0,0,0
S08,S08_M4_B32_Tr_hv_Q_res,,4,0,0,0
S08,S08_M4_B32_Tr_Ld_res,,4,0,0,0
S08,S08_M4_B32_Tr_lv_P_res,,4,0,0,0
S08,S08_M4_B32_Tr_lv_Q_res,,4,0,0,0
S08,S08_M4_B32_Tr_tap,,2,0,0,0
S08,S08_M4_B32_Tr_tap_ctrl,,2,0,0,0
S08,S08_M4_B32_Tr_tap_mode,,2,0,0,0
S08,S08_M4_B32_Tr_tap_res,,2,0,0,0
S08,S08_M4_B32_Tr_V_res,,4,0,0,0
S08,S08_M5_B32_G3_CB_ctrl,,2,0,0,0
S08,S08_M5_B32_G3_CB_res,,2,0,0,0
S08,S08_M5_B32_G3_f_res,,4,0,0,0
S08,S08_M5_B32_G3_Ld_res,,4,0,0,0
S08,S08_M5_B32_G3_P_ctrl,,4,0,0,0
S08,S08_M5_B32_G3_P_res,,4,0,0,0
S08,S08_M5_B32_G3_Q_res,,4,0,0,0
S08,S08_M5_B32_G3_V_ctrl,,4,0,0,0
S08,S08_M5_B32_G3_V_res,,4,0,0,0
S09,S09_M1_B06_Li_06_07_CB_ctrl,,2,0,0,0
S09,S09_M1_B06_Li_06_07_CB_res,,2,0,0,0
S09,S09_M1_B06_Li_06_07_I_res,,4,0,0,0
S09,S09_M1_B06_Li_06_07_P_res,,4,0,0,0
S09,S09_M1_B06_Li_06_07_Q_res,,4,0,0,0
S09,S09_M1_B06_Li_06_07_V_res,,4,0,0,0
S09,S09_M2_B06_Li_05_06_CB_ctrl,,2,0,0,0
S09,S09_M2_B06_Li_05_06_CB_res,,2,0,0,0
S09,S09_M2_B06_Li_05_06_I_res,,4,0,0,0
S09,S09_M2_B06_Li_05_06_P_res,,4,0,0,0
S09,S09_M2_B06_Li_05_06_Q_res,,4,0,0,0
S09,S09_M2_B06_Li_05_06_V_res,,4,0,0,0
S09,S09_M3_B06_Li_06_11_CB_ctrl,,2,0,0,0
S09,S09_M3_B06_Li_06_11_CB_res,,2,0,0,0
S09,S09_M3_B06_Li_06_11_I_res,,4,0,0,0
S09,S09_M3_B06_Li_06_11_P_res,,4,0,0,0
S09,S09_M3_B06_Li_06_11_Q_res,,4,0,0,0
S09,S09_M3_B06_Li_06_11_V_res,,4,0,0,0
S09,S09_M4_B06_Tr_CB_ctrl,,2,0,0,0
S09,S09_M4_B06_Tr_CB_res,,2,0,0,0
S09,S09_M5_B31_Tr_CB_ctrl,,2,0,0,0
S09,S09_M5_B31_Tr_CB_res,,2,0,0,0
S09,S09_M5_B31_Tr_f_res,,4,0,0,0
S09,S09_M5_B31_Tr_hv_P_res,,4,0,0,0
S09,S09_M5_B31_Tr_hv_Q_res,,4,0,0,0
S09,S09_M5_B31_Tr_Ld_res,,4,0,0,0
S09,S09_M5_B31_Tr_lv_P_res,,4,0,0,0
S09,S09_M5_B31_Tr_lv_Q_res,,4,0,0,0
S09,S09_M5_B31_Tr_tap,,2,0,0,0
S09,S09_M5_B31_Tr_tap_ctrl,,2,0,0,0
S09,S09_M5_B31_Tr_tap_mode,,2,0,0,0
S09,S09_M5_B31_Tr_tap_res,,2,0,0,0
S09,S09_M5_B31_Tr_V_res,,4,0,0,0
S09,S09_M6_Ld31_CB_ctrl,,2,0,0,0
S09,S09_M6_Ld31_CB_res,,2,0,0,0
S09,S09_M6_Ld31_I_res,,4,0,0,0
S09,S09_M6_Ld31_P_res,,4,0,0,0
S09,S09_M6_Ld31_Q_res,,4,0,0,0
S09,S09_M6_Ld31_V_res,,4,0,0,0
S09,S09_M7_G2_CB_ctrl,,2,0,0,0
S09,S09_M7_G2_CB_res,,2,0,0,0
S09,S09_M7_G2_f_res,,4,0,0,0
S09,S09_M7_G2_Ld_res,,4,0,0,0
S09,S09_M7_G2_P_res,,4,0,0,0
S09,S09_M7_G2_Q_res,,4,0,0,0
S09,S09_M7_G2_V_ctrl,,4,0,0,0
S09,S09_M7_G2_V_res,,4,0,0,0
S10,S10_M1_B09_Li_09_39_CB_ctrl,,2,0,0,0
S10,S10_M1_B09_Li_09_39_CB_res,,4,0,0,0
S10,S10_M1_B09_Li_09_39_f_res,,4,0,0,0
S10,S10_M1_B09_Li_09_39_I_res,,4,0,0,0
S10,S10_M1_B09_Li_09_39_P_res,,4,0,0,0
S10,S10_M1_B09_Li_09_39_Q_res,,4,0,0,0
S10,S10_M1_B09_Li_09_39_V_res,,4,0,0,0
S10,S10_M2_B09_Li_08_09_CB_ctrl,,2,0,0,0
S10,S10_M2_B09_Li_08_09_CB_res,,4,0,0,0
S10,S10_M2_B09_Li_08_09_I_res,,4,0,0,0
S10,S10_M2_B09_Li_08_09_P_res,,4,0,0,0
S10,S10_M2_B09_Li_08_09_Q_res,,4,0,0,0
S10,S10_M2_B09_Li_08_09_V_res,,4,0,0,0
S11,S11_M1_B08_Li_08_09_CB_ctrl,,2,0,0,0
S11,S11_M1_B08_Li_08_09_CB_res,,2,0,0,0
S11,S11_M1_B08_Li_08_09_I_res,,4,0,0,0
S11,S11_M1_B08_Li_08_09_P_res,,4,0,0,0
S11,S11_M1_B08_Li_08_09_Q_res,,4,0,0,0
S11,S11_M1_B08_LV_08_09_V_res,,4,0,0,0
S11,S11_M2_B08_Li_05_08_CB_ctrl,,2,0,0,0
S11,S11_M2_B08_Li_05_08_CB_res,,2,0,0,0
S11,S11_M2_B08_Li_05_08_I_res,,4,0,0,0
S11,S11_M2_B08_Li_05_08_P_res,,4,0,0,0
S11,S11_M2_B08_Li_05_08_Q_res,,4,0,0,0
S11,S11_M2_B08_LV_05_08_V_res,,4,0,0,0
S11,S11_M3_B08_Li_07_08_CB_ctrl,,2,0,0,0
S11,S11_M3_B08_Li_07_08_CB_res,,2,0,0,0
S11,S11_M3_B08_Li_07_08_I_res,,4,0,0,0
S11,S11_M3_B08_Li_07_08_P_res,,4,0,0,0
S11,S11_M3_B08_Li_07_08_Q_res,,4,0,0,0
S11,S11_M3_B08_LV_07_08_V_res,,4,0,0,0
S11,S11_M4_B08_Ld8_CB_ctrl,,2,0,0,0
S11,S11_M4_B08_Ld8_CB_res,,2,0,0,0
S11,S11_M4_B08_Ld8_f_res,,4,0,0,0
S11,S11_M4_B08_Ld8_I_res,,4,0,0,0
S11,S11_M4_B08_Ld8_P_res,,4,0,0,0
S11,S11_M4_B08_Ld8_Q_res,,4,0,0,0
S11,S11_M4_B08_Ld8_V_res,,4,0,0,0
S12,S12_M1_B07_Li_07_08_CB_ctrl,,2,0,0,0
S12,S12_M1_B07_Li_07_08_CB_res,,4,0,0,0
S12,S12_M1_B07_Li_07_08_I_res,,4,0,0,0
S12,S12_M1_B07_Li_07_08_P_res,,4,0,0,0
S12,S12_M1_B07_Li_07_08_Q_res,,4,0,0,0
S12,S12_M1_B07_Li_07_08_V_res,,4,0,0,0
S12,S12_M2_B07_Li_06_07_CB_ctrl,,2,0,0,0
S12,S12_M2_B07_Li_06_07_CB_res,,4,0,0,0
S12,S12_M2_B07_Li_06_07_I_res,,4,0,0,0
S12,S12_M2_B07_Li_06_07_P_res,,4,0,0,0
S12,S12_M2_B07_Li_06_07_Q_res,,4,0,0,0
S12,S12_M2_B07_Li_06_07_V_res,,4,0,0,0
S12,S12_M3_B07_Ld7_CB_ctrl,,2,0,0,0
S12,S12_M3_B07_Ld7_CB_res,,4,0,0,0
S12,S12_M3_B07_Ld7_f_res,,4,0,0,0
S12,S12_M3_B07_Ld7_I_res,,4,0,0,0
S12,S12_M3_B07_Ld7_P_res,,4,0,0,0
S12,S12_M3_B07_Ld7_Q_res,,4,0,0,0
S12,S12_M3_B07_Ld7_V_res,,4,0,0,0
S13,S13_M1_B11_Li_10_11_CB_ctrl,,2,0,0,0
S13,S13_M1_B11_Li_10_11_CB_res,,2,0,0,0
S13,S13_M1_B11_Li_10_11_I_res,,4,0,0,0
S13,S13_M1_B11_Li_10_11_P_res,,4,0,0,0
S13,S13_M1_B11_Li_10_11_Q_res,,4,0,0,0
S13,S13_M1_B11_Li_10_11_V_res,,4,0,0,0
S13,S13_M2_B11_Li_06_11_CB_ctrl,,2,0,0,0
S13,S13_M2_B11_Li_06_11_CB_res,,2,0,0,0
S13,S13_M2_B11_Li_06_11_I_res,,4,0,0,0
S13,S13_M2_B11_Li_06_11_P_res,,4,0,0,0
S13,S13_M2_B11_Li_06_11_Q_res,,4,0,0,0
S13,S13_M2_B11_Li_06_11_V_res,,4,0,0,0
S13,S13_M3_B11_Tr_11_12_CB_ctrl,,2,0,0,0
S13,S13_M3_B11_Tr_11_12_CB_res,,2,0,0,0
S13,S13_M3_B11_Tr_11_12_f_res,,4,0,0,0
S13,S13_M3_B11_Tr_11_12_hv_P_res,,4,0,0,0
S13,S13_M3_B11_Tr_11_12_hv_Q_res,,4,0,0,0
S13,S13_M3_B11_Tr_11_12_Ld_res,,4,0,0,0
S13,S13_M3_B11_Tr_11_12_lv_P_res,,4,0,0,0
S13,S13_M3_B11_Tr_11_12_lv_Q_res,,4,0,0,0
S13,S13_M3_B11_Tr_11_12_tap,,4,0,0,0
S13,S13_M3_B11_Tr_11_12_tap_ctrl,,2,0,0,0
S13,S13_M3_B11_Tr_11_12_tap_mode,,2,0,0,0
S13,S13_M3_B11_Tr_11_12_tap_res,,2,0,0,0
S13,S13_M3_B11_Tr_11_12_V_res,,4,0,0,0
S13,S13_M4_B12_Ld12_CB_ctrl,,2,0,0,0
S13,S13_M4_B12_Ld12_CB_res,,2,0,0,0
S13,S13_M4_B12_Ld12_f_res,,4,0,0,0
S13,S13_M4_B12_Ld12_I_res,,4,0,0,0
S13,S13_M4_B12_Ld12_P_res,,4,0,0,0
S13,S13_M4_B12_Ld12_Q_res,,4,0,0,0
S13,S13_M4_B12_Ld12_V_res,,4,0,0,0
S13,S13_M5_B12_Tr_11_12_CB_ctrl,,2,0,0,0
S13,S13_M5_B12_Tr_11_12_CB_res,,2,0,0,0
S13,S13_M6_B12_Tr_12_13_CB_ctrl,,2,0,0,0
S13,S13_M6_B12_Tr_12_13_CB_res,,2,0,0,0
S13,S13_M6_B12_Tr_12_13_f_res,,4,0,0,0
S13,S13_M6_B12_Tr_12_13_hv_P_res,,4,0,0,0
S13,S13_M6_B12_Tr_12_13_hv_Q_res,,4,0,0,0
S13,S13_M6_B12_Tr_12_13_Ld_res,,4,0,0,0
S13,S13_M6_B12_Tr_12_13_lv_P_res,,4,0,0,0
S13,S13_M6_B12_Tr_12_13_lv_Q_res,,4,0,0,0
S13,S13_M6_B12_Tr_12_13_tap,,2,0,0,0
S13,S13_M6_B12_Tr_12_13_tap_ctrl,,4,0,0,0
S13,S13_M6_B12_Tr_12_13_tap_mode,,4,0,0,0
S13,S13_M6_B12_Tr_12_13_tap_res,,4,0,0,0
S13,S13_M6_B12_Tr_12_13_V_res,,4,0,0,0
S13,S13_M7_B13_Li_13_14_CB_ctrl,,2,0,0,0
S13,S13_M7_B13_Li_13_14_CB_res,,2,0,0,0
S13,S13_M7_B13_Li_13_14_I_res,,4,0,0,0
S13,S13_M7_B13_Li_13_14_P_res,,4,0,0,0
S13,S13_M7_B13_Li_13_14_Q_res,,4,0,0,0
S13,S13_M7_B13_Li_13_14_V_res,,4,0,0,0
S13,S13_M8_B13_Li_10_13_CB_ctrl,,2,0,0,0
S13,S13_M8_B13_Li_10_13_CB_res,,2,0,0,0
S13,S13_M8_B13_Li_10_13_I_res,,4,0,0,0
S13,S13_M8_B13_Li_10_13_P_res,,4,0,0,0
S13,S13_M8_B13_Li_10_13_Q_res,,4,0,0,0
S13,S13_M8_B13_Li_10_13_V_res,,4,0,0,0
S13,S13_M9_B13_Tr_CB_ctrl,,2,0,0,0
S13,S13_M9_B13_Tr_CB_res,,2,0,0,0
S14,S14_M1_B5_Li_05_08_CB_ctrl,,2,0,0,0
S14,S14_M1_B5_Li_05_08_CB_res,,4,0,0,0
S14,S14_M1_B5_Li_05_08_I_res,,4,0,0,0
S14,S14_M1_B5_Li_05_08_P_res,,4,0,0,0
S14,S14_M1_B5_Li_05_08_Q_res,,4,0,0,0
S14,S14_M1_B5_Li_05_08_V_res,,4,0,0,0
S14,S14_M2_B5_Li_05_06_CB_ctrl,,2,0,0,0
S14,S14_M2_B5_Li_05_06_CB_res,,4,0,0,0
S14,S14_M2_B5_Li_05_06_I_res,,4,0,0,0
S14,S14_M2_B5_Li_05_06_P_res,,4,0,0,0
S14,S14_M2_B5_Li_05_06_Q_res,,4,0,0,0
S14,S14_M2_B5_Li_05_06_V_res,,4,0,0,0
S14,S14_M3_B5_Li_04_05_CB_ctrl,,2,0,0,0
S14,S14_M3_B5_Li_04_05_CB_res,,4,0,0,0
S14,S14_M3_B5_Li_04_05_I_res,,4,0,0,0
S14,S14_M3_B5_Li_04_05_P_res,,4,0,0,0
S14,S14_M3_B5_Li_04_05_Q_res,,4,0,0,0
S14,S14_M3_B5_Li_04_05_V_res,,4,0,0,0
S15,S15_M1_B4_Li_04_05_CB_ctrl,,2,0,0,0
S15,S15_M1_B4_Li_04_05_CB_res,,4,0,0,0
S15,S15_M1_B4_Li_04_05_I_res,,4,0,0,0
S15,S15_M1_B4_Li_04_05_P_res,,4,0,0,0
S15,S15_M1_B4_Li_04_05_Q_res,,4,0,0,0
S15,S15_M1_B4_Li_04_05_V_res,,4,0,0,0
S15,S15_M2_B4_Li_03_04_CB_ctrl,,2,0,0,0
S15,S15_M2_B4_Li_03_04_CB_res,,4,0,0,0
S15,S15_M2_B4_Li_03_04_I_res,,4,0,0,0
S15,S15_M2_B4_Li_03_04_P_res,,4,0,0,0
S15,S15_M2_B4_Li_03_04_Q_res,,4,0,0,0
S15,S15_M2_B4_Li_03_04_V_res,,4,0,0,0
S15,S15_M3_B4_Li_04_14_CB_ctrl,,2,0,0,0
S15,S15_M3_B4_Li_04_14_CB_res,,4,0,0,0
S15,S15_M3_B4_Li_04_14_I_res,,4,0,0,0
S15,S15_M3_B4_Li_04_14_P_res,,4,0,0,0
S15,S15_M3_B4_Li_04_14_Q_res,,4,0,0,0
S15,S15_M3_B4_Li_04_14_V_res,,4,0,0,0
S15,S15_M4_B4_Ld4_CB_ctrl,,2,0,0,0
S15,S15_M4_B4_Ld4_CB_res,,4,0,0,0
S15,S15_M4_B4_Ld4_f_res,,4,0,0,0
S15,S15_M4_B4_Ld4_P_res,,4,0,0,0
S15,S15_M4_B4_Ld4_Q_res,,4,0,0,0
S15,S15_M4_B4_Ld4_V_res,,4,0,0,0
S16,S16_M1_B3_Li_03_04_CB_ctrl,,2,0,0,0
S16,S16_M1_B3_Li_03_04_CB_res,,4,0,0,0
S16,S16_M1_B3_Li_03_04_I_res,,4,0,0,0
S16,S16_M1_B3_Li_03_04_P_res,,4,0,0,0
S16,S16_M1_B3_Li_03_04_Q_res,,4,0,0,0
S16,S16_M1_B3_Li_03_04_V_res,,4,0,0,0
S16,S16_M2_B3_Li_02_03_CB_ctrl,,2,0,0,0
S16,S16_M2_B3_Li_02_03_CB_res,,4,0,0,0
S16,S16_M2_B3_Li_02_03_I_res,,4,0,0,0
S16,S16_M2_B3_Li_02_03_P_res,,4,0,0,0
S16,S16_M2_B3_Li_02_03_Q_res,,4,0,0,0
S16,S16_M2_B3_Li_02_03_V_res,,4,0,0,0
S16,S16_M3_B3_Li_03_18_CB_ctrl,,2,0,0,0
S16,S16_M3_B3_Li_03_18_CB_res,,4,0,0,0
S16,S16_M3_B3_Li_03_18_I_res,,4,0,0,0
S16,S16_M3_B3_Li_03_18_P_res,,4,0,0,0
S16,S16_M3_B3_Li_03_18_Q_res,,4,0,0,0
S16,S16_M3_B3_Li_03_18_V_res,,4,0,0,0
S16,S16_M4_B3_Ld3_CB_ctrl,,2,0,0,0
S16,S16_M4_B3_Ld3_CB_res,,4,0,0,0
S16,S16_M4_B3_Ld3_f_res,,4,0,0,0
S16,S16_M4_B3_Ld3_P_res,,4,0,0,0
S16,S16_M4_B3_Ld3_Q_res,,4,0,0,0
S16,S16_M4_B3_Ld3_V_res,,4,0,0,0
S17,S17_M1_B1_Li_01_02_CB_ctrl,,2,0,0,0
S17,S17_M1_B1_Li_01_02_CB_res,,4,0,0,0
S17,S17_M1_B1_Li_01_02_f_res,,4,0,0,0
S17,S17_M1_B1_Li_01_02_I_res,,4,0,0,0
S17,S17_M1_B1_Li_01_02_P_res,,4,0,0,0
S17,S17_M1_B1_Li_01_02_Q_res,,4,0,0,0
S17,S17_M1_B1_Li_01_02_V_res,,4,0,0,0
S17,S17_M2_B1_Li_01_39_CB_ctrl,,2,0,0,0
S17,S17_M2_B1_Li_01_39_CB_res,,4,0,0,0
S17,S17_M2_B1_Li_01_39_I_res,,4,0,0,0
S17,S17_M2_B1_Li_01_39_P_res,,4,0,0,0
S17,S17_M2_B1_Li_01_39_Q_res,,4,0,0,0
S17,S17_M2_B1_Li_01_39_V_res,,4,0,0,0
S18,S18_M1_B18_Li_03_18_CB_ctrl,,2,0,0,0
S18,S18_M1_B18_Li_03_18_CB_res,,4,0,0,0
S18,S18_M1_B18_Li_03_18_I_res,,4,0,0,0
S18,S18_M1_B18_Li_03_18_P_res,,4,0,0,0
S18,S18_M1_B18_Li_03_18_Q_res,,4,0,0,0
S18,S18_M1_B18_Li_03_18_V_res,,4,0,0,0
S18,S18_M2_B18_Li_17_18_CB_ctrl,,2,0,0,0
S18,S18_M2_B18_Li_17_18_CB_res,,4,0,0,0
S18,S18_M2_B18_Li_17_18_I_res,,4,0,0,0
S18,S18_M2_B18_Li_17_18_P_res,,4,0,0,0
S18,S18_M2_B18_Li_17_18_Q_res,,4,0,0,0
S18,S18_M2_B18_Li_17_18_V_res,,4,0,0,0
S18,S18_M3_B18_Ld18_CB_ctrl,,2,0,0,0
S18,S18_M3_B18_Ld18_CB_res,,4,0,0,0
S18,S18_M3_B18_Ld18_f_res,,4,0,0,0
S18,S18_M3_B18_Ld18_P_res,,4,0,0,0
S18,S18_M3_B18_Ld18_Q_res,,4,0,0,0
S18,S18_M3_B18_Ld18_V_res,,4,0,0,0
S19,S19_M1_B26_Li_25_26_CB_ctrl,,2,0,0,0
S19,S19_M1_B26_Li_25_26_CB_res,,4,0,0,0
S19,S19_M1_B26_Li_25_26_I_res,,4,0,0,0
S19,S19_M1_B26_Li_25_26_P_res,,4,0,0,0
S19,S19_M1_B26_Li_25_26_Q_res,,4,0,0,0
S19,S19_M1_B26_Li_25_26_V_res,,4,0,0,0
S19,S19_M2_B26_Li_26_27_CB_ctrl,,2,0,0,0
S19,S19_M2_B26_Li_26_27_CB_res,,4,0,0,0
S19,S19_M2_B26_Li_26_27_I_res,,4,0,0,0
S19,S19_M2_B26_Li_26_27_P_res,,4,0,0,0
S19,S19_M2_B26_Li_26_27_Q_res,,4,0,0,0
S19,S19_M2_B26_Li_26_27_V_res,,4,0,0,0
S19,S19_M3_B26_Li_26_28_CB_ctrl,,2,0,0,0
S19,S19_M3_B26_Li_26_28_CB_res,,4,0,0,0
S19,S19_M3_B26_Li_26_28_I_res,,4,0,0,0
S19,S19_M3_B26_Li_26_28_P_res,,4,0,0,0
S19,S19_M3_B26_Li_26_28_Q_res,,4,0,0,0
S19,S19_M3_B26_Li_26_28_V_res,,4,0,0,0
S19,S19_M4_B26_Li_26_29_CB_ctrl,,2,0,0,0
S19,S19_M4_B26_Li_26_29_CB_res,,4,0,0,0
S19,S19_M4_B26_Li_26_29_I_res,,4,0,0,0
S19,S19_M4_B26_Li_26_29_P_res,,4,0,0,0
S19,S19_M4_B26_Li_26_29_Q_res,,4,0,0,0
S19,S19_M4_B26_Li_26_29_V_res,,4,0,0,0
S19,S19_M5_B26_Ld26_CB_ctrl,,2,0,0,0
S19,S19_M5_B26_Ld26_CB_res,,4,0,0,0
S19,S19_M5_B26_Ld26_f_res,,4,0,0,0
S19,S19_M5_B26_Ld26_I_res,,4,0,0,0
S19,S19_M5_B26_Ld26_P_res,,4,0,0,0
S19,S19_M5_B26_Ld26_Q_res,,4,0,0,0
S19,S19_M5_B26_Ld26_V_res,,4,0,0,0
S20,S20_M1_B28_Li_26_28_CB_ctrl,,2,0,0,0
S20,S20_M1_B28_Li_26_28_CB_res,,4,0,0,0
S20,S20_M1_B28_Li_26_28_I_res,,4,0,0,0
S20,S20_M1_B28_Li_26_28_P_res,,4,0,0,0
S20,S20_M1_B28_Li_26_28_Q_res,,4,0,0,0
S20,S20_M1_B28_Li_26_28_V_res,,4,0,0,0
S20,S20_M2_B28_Li_28_29_CB_ctrl,,2,0,0,0
S20,S20_M2_B28_Li_28_29_CB_res,,4,0,0,0
S20,S20_M2_B28_Li_28_29_I_res,,4,0,0,0
S20,S20_M2_B28_Li_28_29_P_res,,4,0,0,0
S20,S20_M2_B28_Li_28_29_Q_res,,4,0,0,0
S20,S20_M2_B28_Li_28_29_V_res,,4,0,0,0
S20,S20_M3_B28_Ld28_CB_ctrl,,2,0,0,0
S20,S20_M3_B28_Ld28_CB_res,,4,0,0,0
S20,S20_M3_B28_Ld28_f_res,,4,0,0,0
S20,S20_M3_B28_Ld28_I_res,,4,0,0,0
S20,S20_M3_B28_Ld28_P_res,,4,0,0,0
S20,S20_M3_B28_Ld28_Q_res,,4,0,0,0
S20,S20_M3_B28_Ld28_V_res,,4,0,0,0
S21,S21_M1_B24_Li_23_24_CB_ctrl,,2,0,0,0
S21,S21_M1_B24_Li_23_24_CB_res,,4,0,0,0
S21,S21_M1_B24_Li_23_24_I_res,,4,0,0,0
S21,S21_M1_B24_Li_23_24_P_res,,4,0,0,0
S21,S21_M1_B24_Li_23_24_Q_res,,4,0,0,0
S21,S21_M1_B24_Li_23_24_V_res,,4,0,0,0
S21,S21_M2_B24_Li_16_24_CB_ctrl,,2,0,0,0
S21,S21_M2_B24_Li_16_24_CB_res,,4,0,0,0
S21,S21_M2_B24_Li_16_24_I_res,,4,0,0,0
S21,S21_M2_B24_Li_16_24_P_res,,4,0,0,0
S21,S21_M2_B24_Li_16_24_Q_res,,4,0,0,0
S21,S21_M2_B24_Li_16_24_V_res,,4,0,0,0
S21,S21_M3_B24_Ld24_CB_ctrl,,2,0,0,0
S21,S21_M3_B24_Ld24_CB_res,,4,0,0,0
S21,S21_M3_B24_Ld24_f_res,,4,0,0,0
S21,S21_M3_B24_Ld24_I_res,,4,0,0,0
S21,S21_M3_B24_Ld24_P_res,,4,0,0,0
S21,S21_M3_B24_Ld24_Q_res,,4,0,0,0
S21,S21_M3_B24_Ld24_V_res,,4,0,0,0
S22,S22_M1_B27_Li_17_27_CB_ctrl,,2,0,0,0
S22,S22_M1_B27_Li_17_27_CB_res,,4,0,0,0
S22,S22_M1_B27_Li_17_27_I_res,,4,0,0,0
S22,S22_M1_B27_Li_17_27_P_res,,4,0,0,0
S22,S22_M1_B27_Li_17_27_Q_res,,4,0,0,0
S22,S22_M1_B27_Li_17_27_V_res,,4,0,0,0
S22,S22_M2_B27_Li_26_27_CB_ctrl,,2,0,0,0
S22,S22_M2_B27_Li_26_27_CB_res,,4,0,0,0
S22,S22_M2_B27_Li_26_27_I_res,,4,0,0,0
S22,S22_M2_B27_Li_26_27_P_res,,4,0,0,0
S22,S22_M2_B27_Li_26_27_Q_res,,4,0,0,0
S22,S22_M2_B27_Li_26_27_V_res,,4,0,0,0
S22,S22_M3_B27_Ld27_CB_ctrl,,2,0,0,0
S22,S22_M3_B27_Ld27_CB_res,,4,0,0,0
S22,S22_M3_B27_Ld27_f_res,,4,0,0,0
S22,S22_M3_B27_Ld27_I_res,,4,0,0,0
S22,S22_M3_B27_Ld27_P_res,,4,0,0,0
S22,S22_M3_B27_Ld27_Q_res,,4,0,0,0
S22,S22_M3_B27_Ld27_V_res,,4,0,0,0
S23,S23_M1_B17_Li_17_18_CB_ctrl,,2,0,0,0
S23,S23_M1_B17_Li_17_18_CB_res,,4,0,0,0
S23,S23_M1_B17_Li_17_18_I_res,,4,0,0,0
S23,S23_M1_B17_Li_17_18_P_res,,4,0,0,0
S23,S23_M1_B17_Li_17_18_Q_res,,4,0,0,0
S23,S23_M2_B17_Li_17_27_CB_ctrl,,2,0,0,0
S23,S23_M2_B17_Li_17_27_CB_res,,4,0,0,0
S23,S23_M2_B17_Li_17_27_I_res,,4,0,0,0
S23,S23_M2_B17_Li_17_27_P_res,,4,0,0,0
S23,S23_M2_B17_Li_17_27_Q_res,,4,0,0,0
S23,S23_M2_B17_Li_17_27_V_res,,4,0,0,0
S23,S23_M3_B17_Li_16_17_CB_ctrl,,2,0,0,0
S23,S23_M3_B17_Li_16_17_CB_res,,4,0,0,0
S23,S23_M3_B17_Li_16_17_f_res,,4,0,0,0
S23,S23_M3_B17_Li_16_17_I_res,,4,0,0,0
S23,S23_M3_B17_Li_16_17_P_res,,4,0,0,0
S23,S23_M3_B17_Li_16_17_Q_res,,4,0,0,0
S23,S23_M3_B17_Li_16_17_V_res,,4,0,0,0
S24,S24_M1_B16_Li_16_24_CB_ctrl,,2,0,0,0
S24,S24_M1_B16_Li_16_24_CB_res,,4,0,0,0
S24,S24_M1_B16_Li_16_24_I_res,,4,0,0,0
S24,S24_M1_B16_Li_16_24_P_res,,4,0,0,0
S24,S24_M1_B16_Li_16_24_Q_res,,4,0,0,0
S24,S24_M1_B16_Li_16_24_V_res,,4,0,0,0
S24,S24_M2_B16_Li_16_21_CB_ctrl,,2,0,0,0
S24,S24_M2_B16_Li_16_21_CB_res,,4,0,0,0
S24,S24_M2_B16_Li_16_21_I_res,,4,0,0,0
S24,S24_M2_B16_Li_16_21_P_res,,4,0,0,0
S24,S24_M2_B16_Li_16_21_Q_res,,4,0,0,0
S24,S24_M2_B16_Li_16_21_V_res,,4,0,0,0
S24,S24_M3_B16_Li_16_19_CB_ctrl,,2,0,0,0
S24,S24_M3_B16_Li_16_19_CB_res,,4,0,0,0
S24,S24_M3_B16_Li_16_19_I_res,,4,0,0,0
S24,S24_M3_B16_Li_16_19_P_res,,4,0,0,0
S24,S24_M3_B16_Li_16_19_Q_res,,4,0,0,0
S24,S24_M3_B16_Li_16_19_V_res,,4,0,0,0
S24,S24_M4_B16_Li_16_17_CB_ctrl,,2,0,0,0
S24,S24_M4_B16_Li_16_17_CB_res,,4,0,0,0
S24,S24_M4_B16_Li_16_17_I_res,,4,0,0,0
S24,S24_M4_B16_Li_16_17_P_res,,4,0,0,0
S24,S24_M4_B16_Li_16_17_Q_res,,4,0,0,0
S24,S24_M4_B16_Li_16_17_V_res,,4,0,0,0
S24,S24_M5_B16_Li_15_16_CB_ctrl,,2,0,0,0
S24,S24_M5_B16_Li_15_16_CB_res,,4,0,0,0
S24,S24_M5_B16_Li_15_16_I_res,,4,0,0,0
S24,S24_M5_B16_Li_15_16_P_res,,4,0,0,0
S24,S24_M5_B16_Li_15_16_Q_res,,4,0,0,0
S24,S24_M5_B16_Li_15_16_V_res,,4,0,0,0
S24,S24_M6_B16_Ld16_CB_ctrl,,2,0,0,0
S24,S24_M6_B16_Ld16_CB_res,,4,0,0,0
S24,S24_M6_B16_Ld16_f_res,,4,0,0,0
S24,S24_M6_B16_Ld16_I_res,,4,0,0,0
S24,S24_M6_B16_Ld16_P_res,,4,0,0,0
S24,S24_M6_B16_Ld16_Q_res,,4,0,0,0
S24,S24_M6_B16_Ld16_V_res,,4,0,0,0
S25,S25_M1_B21_Li_16_21_CB_ctrl,,2,0,0,0
S25,S25_M1_B21_Li_16_21_CB_res,,4,0,0,0
S25,S25_M1_B21_Li_16_21_I_res,,4,0,0,0
S25,S25_M1_B21_Li_16_21_P_res,,4,0,0,0
S25,S25_M1_B21_Li_16_21_Q_res,,4,0,0,0
S25,S25_M1_B21_Li_16_21_V_res,,4,0,0,0
S25,S25_M2_B21_Li_21_22_CB_ctrl,,2,0,0,0
S25,S25_M2_B21_Li_21_22_CB_res,,4,0,0,0
S25,S25_M2_B21_Li_21_22_I_res,,4,0,0,0
S25,S25_M2_B21_Li_21_22_P_res,,4,0,0,0
S25,S25_M2_B21_Li_21_22_Q_res,,4,0,0,0
S25,S25_M2_B21_Li_21_22_V_res,,4,0,0,0
S25,S25_M3_B21_Ld21_CB_ctrl,,2,0,0,0
S25,S25_M3_B21_Ld21_CB_res,,4,0,0,0
S25,S25_M3_B21_Ld21_f_res,,4,0,0,0
S25,S25_M3_B21_Ld21_I_res,,4,0,0,0
S25,S25_M3_B21_Ld21_P_res,,4,0,0,0
S25,S25_M3_B21_Ld21_Q_res,,4,0,0,0
S25,S25_M3_B21_Ld21_V_res,,4,0,0,0
S26,S26_M1_B15_Li_15_16_CB_ctrl,,2,0,0,0
S26,S26_M1_B15_Li_15_16_CB_res,,4,0,0,0
S26,S26_M1_B15_Li_15_16_I_res,,4,0,0,0
S26,S26_M1_B15_Li_15_16_P_res,,4,0,0,0
S26,S26_M1_B15_Li_15_16_Q_res,,4,0,0,0
S26,S26_M1_B15_Li_15_16_V_res,,4,0,0,0
S26,S26_M2_B15_Li_14_15_CB_ctrl,,2,0,0,0
S26,S26_M2_B15_Li_14_15_CB_res,,4,0,0,0
S26,S26_M2_B15_Li_14_15_I_res,,4,0,0,0
S26,S26_M2_B15_Li_14_15_P_res,,4,0,0,0
S26,S26_M2_B15_Li_14_15_Q_res,,4,0,0,0
S26,S26_M2_B15_Li_14_15_V_res,,4,0,0,0
S26,S26_M3_B15_Ld15_CB_ctrl,,2,0,0,0
S26,S26_M3_B15_Ld15_CB_res,,4,0,0,0
S26,S26_M3_B15_Ld15_f_res,,4,0,0,0
S26,S26_M3_B15_Ld15_I_res,,4,0,0,0
S26,S26_M3_B15_Ld15_P_res,,4,0,0,0
S26,S26_M3_B15_Ld15_Q_res,,4,0,0,0
S26,S26_M3_B15_Ld15_V_res,,4,0,0,0
S27,S27_M1_B14_Li_14_15_CB_ctrl,,2,0,0,0
S27,S27_M1_B14_Li_14_15_CB_res,,4,0,0,0
S27,S27_M1_B14_Li_14_15_I_res,,4,0,0,0
S27,S27_M1_B14_Li_14_15_P_res,,4,0,0,0
S27,S27_M1_B14_Li_14_15_Q_res,,4,0,0,0
S27,S27_M1_B14_Li_14_15_V_res,,4,0,0,0
S27,S27_M2_B14_Li_13_14_CB_ctrl,,2,0,0,0
S27,S27_M2_B14_Li_13_14_CB_res,,4,0,0,0
S27,S27_M2_B14_Li_13_14_f_res,,4,0,0,0
S27,S27_M2_B14_Li_13_14_I_res,,4,0,0,0
S27,S27_M2_B14_Li_13_14_P_res,,4,0,0,0
S27,S27_M2_B14_Li_13_14_Q_res,,4,0,0,0
S27,S27_M2_B14_Li_13_14_V_res,,4,0,0,0
S27,S27_M3_B14_Li_04_14_CB_ctrl,,2,0,0,0
S27,S27_M3_B14_Li_04_14_CB_res,,4,0,0,0
S27,S27_M3_B14_Li_04_14_I_res,,4,0,0,0
S27,S27_M3_B14_Li_04_14_P_res,,4,0,0,0
S27,S27_M3_B14_Li_04_14_Q_res,,4,0,0,0
S27,S27_M3_B14_Li_04_14_V_res,,4,0,0,0
